municipality,m2_price,population,pop_density,size,avg_income,homes_per_capita,unemp_rate,net_labor_participation,multy_family,distance_to_urban_center,traffic,has_station,log_traffic,log_avg_income,log_distance,log_homes_per_capita,log_multy_family,log_m2_price,traffic_x_multy_fam
Aalten,2276.5,27244.0,282.0,9653.0,34.1,0.44648362942299225,2.7,73.9,17.790200591910555,93.85344774827088,68,1,4.219507705176107,3.5292973842894715,4.541734499153379,-0.8063525435639536,2.878647777157208,7.730394454774836,12.146476476202912
Achtkarspelen,2251.9225352112676,28149.0,275.0,10221.0,31.2,0.4365696827596007,3.2,72.2,12.490845471559933,28.21505295157997,95,1,4.553876891600541,3.4404180948154366,3.3398556281366902,-0.8288072766735622,2.5249960137247918,7.719539590449151,11.49852099828481
Alkmaar,3782.8653846153848,111834.0,1014.0,11031.0,35.0,0.4776454387753277,3.4,73.1,37.29149896100492,26.772804362399423,352,1,5.863631175598097,3.5553480614894135,3.28738660969963,-0.7388865816149119,3.618765390781734,8.238237039705783,21.219105562563204
Almelo,2555.8166666666666,73949.0,1101.0,6718.0,31.5,0.46068236216852154,4.0,70.7,28.693457011183842,97.04999484182952,359,1,5.883322388488279,3.449987545831587,4.575226256465399,-0.7750464926255012,3.3566691180700845,7.846127086268712,19.748366573088934
Almere,3756.9115044247787,222825.0,1725.0,12918.0,35.5,0.4070010097610232,4.1,73.5,29.068254493328922,23.238827534500565,1190,1,7.081708586105575,3.56953269648137,3.145824480388355,-0.8989396125573047,3.369646667818889,8.231352490445547,23.862855739635066
Alphen aan den Rijn,3460.9827586206898,114182.0,907.0,12593.0,37.3,0.4381688882661015,3.0,76.0,35.711858647638465,23.728106178443777,327,1,5.7899601708972535,3.6189933266497696,3.1666602602019744,-0.8251508532776417,3.5754828086315698,8.149307862005106,20.701903053704637
Amersfoort,4160.9375,160759.0,2572.0,6249.0,37.6,0.43992560292114286,3.6,76.4,37.583778739289045,20.195481300237503,1014,1,6.921658184151129,3.6270040503958487,3.005458881374983,-0.8211496506363168,3.6265725408007032,8.333495688442351,25.10189550745094
Amsterdam,7378.714285714285,918117.0,4880.0,18812.0,36.8,0.517217304548331,5.0,72.9,87.36254016922669,0.4484067223779206,3777,1,8.236685322712457,3.6054978451748854,-0.8020545959742962,-0.659292174507388,4.47006658860256,8.906354686389268,36.818531861890044
Apeldoorn,3396.875,167191.0,492.0,33986.0,35.3,0.44916293341148744,3.3,73.8,29.365079365079367,55.65205614368325,354,1,5.869296913133774,3.5638829639392506,4.019119024814082,-0.800369576415949,3.3798061916808377,8.130611170309574,19.83708604782276
Arnhem,3549.173076923077,165770.0,1696.0,9774.0,31.7,0.4814924292694697,4.0,72.5,48.99081649272711,53.710539806357104,922,1,6.826545223556594,3.456316680883235,3.983609254255191,-0.7308647710877763,3.8916328620298084,8.174469919257634,26.566407726125465
Assen,2807.563025210084,69414.0,848.0,8188.0,32.8,0.4753796064194543,3.6,72.4,30.168495060306682,24.223010947632623,150,1,5.0106352940962555,3.490428515390098,3.187303046980965,-0.7436416227055541,3.4067981699349983,7.940072135233319,17.070223150138837
Baarn,4568.372881355932,25008.0,769.0,3254.0,41.5,0.47144913627639157,3.3,72.9,34.130619168787106,15.868620921516381,139,1,4.934473933130692,3.7256934272366524,2.764343632307254,-0.7519440591298412,3.53019490423625,8.426912377022752,17.419654733824576
Barendrecht,3673.3700787401576,48812.0,2493.0,1958.0,41.0,0.40461361960173725,3.2,75.4,27.29113924050633,8.912705364370636,122,1,4.804021044733257,3.713572066704308,2.1874778277605706,-0.9048226929224622,3.3065620795618664,8.208864797275558,15.884793815932168
Barneveld,3594.889705882353,61655.0,351.0,17584.0,37.4,0.38238585678371584,2.8,77.9,21.76789955887343,36.38749146626961,342,1,5.834810737062606,3.6216707044204863,3.5942250745480346,-0.9613250838871003,3.0804363873060874,8.187268589818682,17.9737633074919
Beek,2254.2108843537417,16132.0,766.0,2107.0,35.7,0.46782791966278203,3.1,70.7,24.65880482310852,12.404494808586719,49,1,3.8918202981106265,3.5751506887855933,2.518058891492779,-0.7596547437083904,3.205134030345474,7.720555250273715,12.473805677463636
Beekdaelen,2034.4545454545455,35966.0,459.0,7830.0,35.8,0.46613468275593617,2.9,69.8,15.013420817178647,17.04746210637929,98,1,4.584967478670572,3.5779478934066544,2.8360013425845247,-0.7632806678248133,2.7089445222230784,7.617983025316785,12.420422535915606
Beesel,2426.3380281690143,13449.0,482.0,2788.0,33.4,0.45319354598854933,3.1,71.6,15.110746513535686,45.48168172192202,71,1,4.2626798770413155,3.5085558999826545,3.8173096453737627,-0.7914359909081773,2.7154061803280265,7.794138415399099,11.5749072828779
Bergen op Zoom,2796.603305785124,68864.0,861.0,7997.0,34.4,0.45743784851301117,3.6,70.3,30.224437319450175,48.63954548367168,109,1,4.6913478822291435,3.5380565643793527,3.88443689311737,-0.7821142537398257,3.408650779932207,7.93616085467897,15.991166617693677
Berkelland,2606.064935064935,44022.0,171.0,25809.0,34.6,0.45068374903457364,2.8,72.6,19.243951612903228,99.01754279009788,62,1,4.127134385045092,3.543853682063679,4.595297034336521,-0.7969894071031854,2.9571968094349206,7.865596674897353,12.204748635564497
Best,3207.205673758865,30897.0,912.0,3389.0,38.5,0.4316600317182898,3.1,75.6,20.16195546224788,11.268529477877863,121,1,4.795790545596741,3.6506582412937387,2.4220138384271808,-0.8401169641715169,3.0037974356345614,8.073155330395974,14.405583342703965
Beverwijk,3737.181818181818,42711.0,2327.0,1835.0,34.1,0.46606260682259837,3.6,73.8,45.40339596101678,21.24547844747138,77,1,4.343805421853684,3.5292973842894715,3.056144093787252,-0.7634353044758467,3.8155869031533074,8.226087081815939,16.574167077471245
De Bilt,4677.3,43884.0,663.0,6619.0,44.1,0.4531036368608149,3.3,73.1,35.33494266747134,6.702159939086262,209,1,5.342334251964811,3.7864597824528,1.902429853412085,-0.7916344007228183,3.5648723515993006,8.450476299350616,19.044739667831287
Bloemendaal,6559.120481927711,23922.0,602.0,3977.0,74.3,0.4289775102416186,3.1,72.3,27.64568310270902,21.651777766706047,155,1,5.043425116919247,4.308110951723714,3.0750875650129483,-0.8463507851074998,3.3194695892950326,8.788611800072688,16.741496301500185
Bodegraven-Reeuwijk,3508.5801526717555,36308.0,482.0,7540.0,40.6,0.4151702104219456,2.9,75.7,20.279952235637523,24.488730064821272,105,1,4.653960350157523,3.7037680666076866,3.1982130143652086,-0.8790666972431027,3.0096328234755108,8.162966719713355,14.006711828987664
Borne,2648.2587412587413,24524.0,944.0,2599.0,36.6,0.42028217256565,2.9,75.5,14.786067720966333,101.64550126327033,79,1,4.3694478524670215,3.600048240407321,4.621491281970242,-0.8668289538457858,2.69368536719789,7.881657624239114,11.769917742924662
Boxtel,3161.2836879432625,33748.0,489.0,6901.0,37.1,0.4358480502548299,3.0,74.3,26.5211775103678,20.08853592815738,127,1,4.844187086458591,3.6136169696133895,3.000149300519585,-0.8304616049661744,3.2779435651754047,8.058733454453536,15.878971888562731
Breda,3737.264957264957,186438.0,1483.0,12569.0,36.1,0.46517877256782414,3.7,74.2,39.95410887036333,42.41799838918203,327,1,5.7899601708972535,3.586292865338835,3.7475727624782857,-0.765333490144383,3.6877315172455374,8.226109328033122,21.35181860581416
Bronckhorst,2767.7345679012346,36277.0,128.0,28353.0,38.1,0.45133280039694573,2.6,72.5,17.058572039333047,81.05393147066654,62,1,4.127134385045092,3.6402142821326553,4.39511475373774,-0.7955502949831275,2.836652836293776,7.925784419040258,11.707247459103728
Brummen,2915.091603053435,21105.0,252.0,8363.0,36.5,0.4570954750059228,2.9,72.8,12.293977402301232,68.12577000167342,120,1,4.787491742782046,3.597312260588446,4.22135555569639,-0.7828629930460455,2.5091095003752084,7.977656523009006,12.012341014782296
Bunnik,4077.607407407407,16026.0,434.0,3693.0,41.2,0.4220641457631349,2.8,76.6,18.125369603784744,8.350846398667738,86,1,4.454347296253507,3.7184382563554808,2.122362898835577,-0.862597972319545,2.897312592465777,8.313265675633808,12.905636512651174
Capelle aan den IJssel,3549.4077669902913,67552.0,4777.0,1414.0,34.5,0.4661297963050687,4.1,71.2,55.50050813008131,7.286224080795859,78,1,4.356708826689592,3.5409593240373143,1.9859854530950365,-0.7632911507960672,4.016392176207438,8.174536042352505,17.49825124552996
Castricum,3970.1147540983607,36345.0,732.0,4964.0,41.1,0.44969046636401155,2.8,74.1,22.90748898678414,25.858057866268293,195,1,5.272999558563747,3.716008121502189,3.2526222686776527,-0.7991957854212779,3.131463887088116,8.286550278577934,16.51220769427395
Coevorden,2444.4444444444443,35700.0,121.0,29611.0,33.8,0.4452380952380952,3.0,69.4,13.324944951242529,54.42501384610618,127,1,4.844187086458591,3.520460802488973,3.9968238615276745,-0.8091460944228275,2.58963783880454,7.801573155004234,12.544690177341487
Cranendonck,2575.99358974359,20851.0,273.0,7650.0,36.6,0.4383003213275143,2.9,71.2,9.508698982383192,17.817330516095986,59,1,4.07753744390572,3.600048240407321,2.8801716081329034,-0.824850938435319,2.2522070619812817,7.853990598767573,9.183458626657567
Culemborg,3560.2916666666665,29729.0,1016.0,2927.0,36.4,0.43805711594739144,3.2,74.1,25.332104737771633,17.172261826082536,168,1,5.123963979403259,3.5945687746426946,2.8432953975138684,-0.8254059754008812,3.2320725532489694,8.177597749329042,16.56102334166564
Dalfsen,2889.8662420382166,29612.0,179.0,16502.0,36.7,0.41645278940969876,2.6,76.4,13.712293220888744,80.72179012927899,82,1,4.406719247264253,3.6027767550605247,4.391008552822229,-0.875982174556948,2.6182927458806304,7.9689654970036266,11.538081038244547
Dantumadiel,2260.2312925170068,19194.0,227.0,8460.0,31.6,0.43049911430655413,3.1,71.8,9.778530799951591,39.37511952509529,175,1,5.1647859739235145,3.4531571205928664,3.6731341326991656,-0.8428100124763886,2.2801892478080026,7.723222428851449,11.77668944496998
Delft,4411.102272727273,106086.0,4681.0,2266.0,29.7,0.4978602266086006,4.6,72.0,67.1008785216601,9.100448748682293,468,1,6.148468295917647,3.391147045808654,2.2083237253489667,-0.6974359108131701,4.206197136614134,8.391879885673212,25.86166974085159
Deurne,2544.0925925925926,32977.0,282.0,11676.0,35.5,0.4339994541650241,2.9,74.0,14.721911682504194,25.315646570185585,144,1,4.969813299576001,3.56953269648137,3.2314226460866444,-0.8347120025667993,2.6893369746037252,7.84152932025703,13.36550266342708
Deventer,3253.6814159292035,102781.0,787.0,13056.0,33.3,0.4574289022290112,3.6,73.3,32.8384558119749,78.45215920339288,324,1,5.780743515792329,3.505557396986398,4.362489002106757,-0.7821338113070735,3.491600261918841,8.087542377616918,20.184045573826136
Diemen,5674.8,32785.0,2744.0,1195.0,35.1,0.4867774897056581,4.2,73.9,64.1017607619525,6.533264237681883,262,1,5.568344503761097,3.55820113047182,1.876906701647419,-0.7199481602985334,4.160471832534577,8.64379059943783,23.166940461746766
Dijk en Waard,3376.361344537815,88985.0,1438.0,6190.0,36.5,0.4209585885261561,3.1,74.9,21.22587362182653,35.3718308828878,159,1,5.0689042022202315,3.597312260588446,3.5659157656008436,-0.8652208146838124,3.0552208913893013,8.124553883322848,15.486622015074271
Doetinchem,2908.9761904761904,59195.0,749.0,7904.0,34.1,0.45334910043077964,3.2,72.8,25.05589506632881,80.94454146274435,391,1,5.968707559985366,3.5292973842894715,4.393764246877181,-0.7910928091629579,3.2211091318338188,7.975556473682123,19.225858426714414
Dordrecht,3240.875,121434.0,1566.0,7756.0,34.3,0.4660638700858079,3.7,72.0,44.262845430772494,22.415221293613723,714,1,6.570882962339584,3.5351453541718945,3.109740250126759,-0.7634325939784178,3.7901456215481515,8.083598634054665,24.904603289416723
Drechterland,3037.4794520547944,20385.0,346.0,5888.0,38.1,0.42197694383124845,2.8,74.3,11.880957916763544,37.41655465483232,83,1,4.418840607796598,3.6402142821326553,3.622113244315002,-0.8628046019096722,2.4749369434080597,8.018783322870298,10.936351867267526
Dronten,2897.0814814814817,43593.0,131.0,33360.0,35.1,0.4208015048287569,3.1,74.6,13.622982991713911,56.094483157956574,77,1,4.343805421853684,3.55820113047182,4.027037468262648,-0.8655940414510652,2.611758292285303,7.971459123532424,11.344969830600219
Duiven,2957.2109375,24937.0,736.0,3388.0,35.9,0.4356979588563179,3.0,74.3,13.83341003221353,63.32896995207005,107,1,4.672828834461906,3.580737295494233,4.148342885625342,-0.8308060306153696,2.627086683050536,7.992001852276132,12.27592640318943
Echt-Susteren,2024.61875,31967.0,310.0,10302.0,34.6,0.4664497763318422,3.1,68.7,15.954664341761116,30.169213000896153,137,1,4.919980925828125,3.543853682063679,3.4068219673450284,-0.7626049250868219,2.7697512217001417,7.6131366902103785,13.627123180053843
Ede,3573.233333333333,122012.0,384.0,31815.0,36.4,0.423876340032128,3.1,75.7,32.51092462972272,41.45822972924833,492,1,6.198478716492308,3.5945687746426946,3.7246864078145197,-0.8583135171561874,3.4815761753054817,8.181226160490466,21.58047582247772
Eemsdelta,1836.1702127659576,45394.0,169.0,26807.0,31.0,0.5196061153456404,3.7,68.1,20.248441938355874,21.807330148087274,306,1,5.723585101952381,3.4339872044851463,3.082246158602357,-0.6546842249215395,3.008077849276654,7.51543727536146,17.216989563632815
Eijsden-Margraten,2346.7251461988303,25991.0,335.0,7756.0,38.6,0.441999153553153,2.8,71.6,15.215877437325906,8.015425791865475,34,1,3.5263605246161616,3.6532522764707855,2.0813679090254475,-0.816447311944388,2.722339450915567,7.760776080428657,9.599950374313892
Eindhoven,3743.287037037037,243730.0,2769.0,8802.0,33.3,0.48550855454806546,4.1,73.9,40.75279085293198,3.007639412129022,562,1,6.331501849893691,3.505557396986398,1.101155522614963,-0.7225583713275845,3.707524324530246,8.227719391321925,23.47419711928911
Elburg,3037.5736434108526,24037.0,377.0,6382.0,35.2,0.40608228980322003,2.8,76.2,15.264829423214834,61.13067970355045,74,1,4.30406509320417,3.5610460826040513,4.1130138629637765,-0.9011994556736964,2.725551451752631,8.018814332099218,11.73095086322045
Emmen,2253.507575757576,108765.0,324.0,33533.0,31.5,0.4627591596561394,3.5,67.8,20.517762059922116,58.55049560472552,225,1,5.41610040220442,3.449987545831587,4.069889554648816,-0.7705485337619442,3.021290952947637,7.720243203898993,16.36361514543627
Enkhuizen,3041.8125,18885.0,1491.0,1266.0,34.8,0.4727032036007413,3.3,72.8,26.64949031029461,45.990299002378194,81,1,4.394449154672439,3.5496173867804286,3.82843048299576,-0.7492875639671952,3.282770025111687,8.020208833838726,14.425965961836075
Enschede,3093.03738317757,161235.0,1146.0,14073.0,29.2,0.47792972989735477,4.4,70.3,37.0560220091099,112.97458495233305,456,1,6.1224928095143865,3.3741687092742363,4.727162881489604,-0.7382915658804418,3.6124308758922226,8.036908858993398,22.11708206251789
Ermelo,3740.0763358778627,27496.0,321.0,8564.0,37.5,0.4235888856560954,2.9,73.7,23.499613634412295,43.27377462520007,71,1,4.2626798770413155,3.624340932976365,3.76754678466368,-0.858991903427018,3.156983979926119,8.226861300862812,13.457212083372871
Etten-Leur,3185.818897637795,44578.0,806.0,5529.0,35.6,0.4434025752613397,3.2,73.8,20.105231205099667,40.30491935641916,77,1,4.343805421853684,3.572345637857985,3.6964735299003944,-0.813277173830009,3.000980040163724,8.06646464567727,13.035673369337871
Geldrop-Mierlo,3266.5112781954886,40441.0,1304.0,3101.0,36.8,0.45270888454785985,3.3,73.5,22.017697181559974,8.655620995181726,59,1,4.07753744390572,3.6054978451748854,2.158208935930845,-0.7925059990472303,3.0918465473317247,8.091477806959825,12.607120067555726
Gilze en Rijen,3062.8030303030305,26815.0,410.0,6538.0,35.3,0.42916278202498603,2.9,73.8,15.415363225582205,40.54459132866228,63,1,4.143134726391533,3.5638829639392506,3.7024023888947983,-0.845918986745587,2.735364624186178,8.027085798628262,11.332984163808678
Goes,2849.818181818182,39433.0,426.0,9248.0,34.9,0.483757259148429,2.8,73.8,26.252883204026002,63.02298899804319,114,1,4.736198448394496,3.5524868292083815,4.1434995645608375,-0.7261720287591498,3.267775819349911,7.955010475374385,15.4768347653061
Gooise Meren,5293.2338709677415,60341.0,1456.0,4143.0,46.3,0.45723471603055965,3.3,75.1,32.45378760420442,17.168525974838353,296,1,5.69035945432406,3.835141961092188,2.843077822350446,-0.7825584181187855,3.4798171575776706,8.574184655837037,19.801410461941174
Gorinchem,3733.3867924528304,38461.0,2055.0,1871.0,37.7,0.462520475286654,3.4,74.0,43.628084771488,29.676546077729686,113,1,4.727387818712341,3.629660094453965,3.39035703948328,-0.7710644521195213,3.7757010891169602,8.225071087919561,17.849203335790435
Gouda,3559.0686274509803,75316.0,4565.0,1650.0,34.9,0.4577646184077752,3.5,73.0,41.75247266293471,18.440703576835446,637,1,6.456769655572163,3.5524868292083815,2.9145603723265676,-0.7814001605845717,3.73175867500262,8.177254168114667,24.0951061746751
's-Gravenhage,4400.946808510638,562839.0,6827.0,8244.0,33.8,0.48010176977785834,4.7,69.3,78.74583672563097,0.25733695520084854,1176,1,7.069874128458572,3.520460802488973,-1.3573689431098206,-0.7337571771828045,4.36622540933212,8.389574980510067,30.868664060455597
Groningen,3397.3883495145633,238147.0,1284.0,18553.0,28.7,0.5152909757418738,4.8,71.2,60.99009900990099,3.634166000012917,968,1,6.875232087276577,3.3568971227655755,1.2903796486260481,-0.6630235364310876,4.1107115396863065,8.13076228294361,28.262095879189395
Haarlem,5022.663366336634,165396.0,5662.0,2921.0,37.6,0.4715954436624828,3.7,75.1,50.532051282051285,17.498666615974525,519,1,6.251903883165888,3.6270040503958487,2.862124684653722,-0.7516337718107103,3.9226078138103713,8.521715623056394,24.523767023297918
Haarlemmermeer,4414.226086956522,162300.0,823.0,19721.0,39.7,0.4107147258163894,3.5,76.0,25.684453712176904,16.178712625763882,1275,1,7.150701457592527,3.681351187693145,2.7836963426900305,-0.8898564032536256,3.2458858949438523,8.39258780593009,23.21036100015403
Halderberge,2808.5845070422533,31041.0,417.0,7444.0,35.6,0.4414161914886763,3.1,72.7,13.30462706174281,37.23704110914612,66,1,4.189654742026425,3.572345637857985,3.6173039946105603,-0.8177671037102159,2.5881118741039097,7.940435901262458,10.843295186234343
Hardenberg,2458.6197183098593,62509.0,200.0,31216.0,34.8,0.41344446399718443,2.9,74.9,15.059588299024917,70.48844102567934,295,1,5.68697535633982,3.5496173867804286,4.255448739293229,-0.8832320806794319,2.7120148846159307,7.8073553813385,15.423161814837579
Harderwijk,3773.853448275862,48906.0,1256.0,3892.0,35.3,0.44070257228151966,3.1,74.9,32.66366631095439,45.73209502051127,72,1,4.276666119016055,3.5638829639392506,3.822800349446114,-0.8193850703426987,3.4862633381603656,8.235851893239133,14.909584300278249
Hardinxveld-Giessendam,3253.1478260869567,18681.0,1108.0,1686.0,36.3,0.404153953214496,2.7,77.2,24.82119205298013,27.82207040224493,289,1,5.666426688112432,3.591817741270805,3.3258296050865144,-0.9059594012974913,3.2116978065433885,8.087378368443295,18.198850165149615
Harlingen,2386.72,16188.0,649.0,2496.0,31.4,0.4963553249320484,3.5,70.0,23.360298693217175,74.57890013013235,128,1,4.852030263919617,3.4468078929142076,4.311857627124262,-0.7004632278241433,3.1510379444029875,7.77767531740562,15.288931469002355
Heemskerk,3797.8672566371683,39431.0,1446.0,2727.0,36.1,0.45350105247140576,3.3,72.8,34.07896208477799,23.672351837360203,76,1,4.330733340286331,3.586292865338835,3.164307778005375,-0.7907576886547638,3.5286802462384825,8.242194939902344,15.281773189594777
Heemstede,5448.3,27778.0,3029.0,917.0,48.9,0.4630642954856361,3.2,73.2,35.34167768016792,19.753095448327354,178,1,5.181783550292085,3.8897773964808264,2.9833102106269016,-0.7698893673974488,3.565062938321864,8.603058912392564,18.4733844895522
Heerenveen,2626.231884057971,51637.0,272.0,18997.0,33.6,0.46497666401998566,3.5,73.3,23.91503540191587,46.474246706746705,193,1,5.262690188904886,3.5145260669691587,3.8388983249069533,-0.7657680595573418,3.174507357453802,7.873305354108944,16.7064487246785
Heerlen,2144.304347826087,87122.0,1940.0,4491.0,29.3,0.5334358715364661,4.1,64.0,37.18423204372337,20.022701589564207,399,1,5.988961416889864,3.3775875160230218,2.9968667093165564,-0.6284164187709184,3.6158848016285248,7.670570465393372,21.655394564871692
Heeze-Leende,2839.176470588235,16627.0,160.0,10392.0,41.1,0.4267155830877488,2.7,73.2,9.894291754756871,10.072767993447455,59,1,4.07753744390572,3.716008121502189,2.309835544177418,-0.8516375694462364,2.2919580004197595,7.951269313959342,9.345544566570851
Heiloo,4514.8536585365855,24319.0,1300.0,1871.0,41.3,0.45737900407089105,3.0,73.0,25.54167041265846,29.034295937967865,160,1,5.075173815233827,3.7208624999669873,3.3684777497946152,-0.782242901221636,3.24031125225025,8.41512805304154,16.445142820628
Den Helder,2480.311320754717,56539.0,1254.0,4510.0,32.1,0.5043951962362263,3.5,70.4,26.94087944456133,62.44045972449651,165,1,5.105945473900581,3.4688560301359703,4.134213458280225,-0.6843951986555452,3.293644815013662,7.8161393638428605,16.817170835855123
Hellendoorn,2869.462121212121,36261.0,263.0,13793.0,35.2,0.41534982488072586,2.7,75.5,15.41066330256955,92.8451267650437,130,1,4.867534450455582,3.5610460826040513,4.530932801392181,-0.878634162315718,2.73505969205068,7.9618798769776244,13.31299727510912
Helmond,3215.289256198347,94898.0,1785.0,5317.0,33.5,0.4461316360724146,3.8,72.7,27.396839643810377,14.851845587088581,326,1,5.786897381366708,3.5115454388310208,2.6981241394851727,-0.8071412223652907,3.3104276652749114,8.075672603448336,19.157105187383287
Hengelo,2719.823529411765,82311.0,1353.0,6084.0,32.8,0.4801666848902334,3.6,73.2,30.03061508488728,108.13710729499954,415,1,6.028278520230699,3.490428515390098,4.683399933965968,-0.7336219751730783,3.4022173641327074,7.908322278292584,20.509513857357106
's-Hertogenbosch,3860.478260869565,158753.0,1450.0,10948.0,36.6,0.4739815940486164,3.3,74.3,40.3024745501422,33.5281007101324,640,1,6.461468176353717,3.600048240407321,3.512383914380261,-0.7465867891620706,3.696412870296871,8.258546356563365,23.884254128087534
Hillegom,3823.973214285714,22453.0,1747.0,1286.0,36.8,0.4508974301875028,3.0,75.5,31.21295930462268,23.614242337082544,80,1,4.382026634673881,3.6054978451748854,3.161850018864823,-0.7965153928671862,3.4408333709040346,8.249045269514362,15.077823476776194
Hilversum,4722.028037383177,93345.0,2047.0,4561.0,38.7,0.46727730462263645,3.6,74.3,41.92535191893255,15.040367730886707,565,1,6.33682573114644,3.6558396000357365,2.7107377684147282,-0.7608323974942566,3.7358907016855527,8.45999365523545,23.67368832719174
Hof van Twente,2556.8129032258066,35455.0,167.0,21243.0,36.7,0.4351431391905232,2.8,74.4,14.791288566243194,101.43271831201484,126,1,4.836281906951478,3.6027767550605247,4.619395704910632,-0.8320802464099787,2.694038397081994,7.8465168021900915,13.029129156440208
Het Hogeland,1661.5058139534883,48298.0,101.0,47674.0,32.3,0.47233839910555303,3.1,70.7,10.261692894402314,17.79113310193402,668,1,6.504288173536645,3.475067230228611,2.8787001928441356,-0.7500596030229649,2.3284178255861274,7.4154795870082015,15.14470052601176
Hollands Kroon,2618.062068965517,49431.0,138.0,35763.0,35.2,0.43397867734822276,2.9,73.5,10.54913294797688,51.51465133711188,81,1,4.394449154672439,3.5610460826040513,3.941866259192275,-0.8347598766227254,2.356043671518813,7.870189654731781,10.353514120677199
Hoogeveen,2438.4761904761904,56433.0,442.0,12754.0,32.0,0.456736306770861,3.2,72.5,26.001939864209504,55.28106382751795,72,1,4.276666119016055,3.4657359027997265,4.01243042362153,-0.7836490638759696,3.2581711454001865,7.799128611098417,13.934110147488711
Hoorn,3387.6071428571427,75216.0,3692.0,2037.0,34.8,0.45641884705381836,3.5,72.4,29.452374016894844,33.94201101777363,333,1,5.808142489980443,3.5496173867804286,3.524653510194926,-0.7843443668121739,3.3827745186277527,8.12787909357549,19.64763641566499
Horst aan de Maas,2247.117283950617,43641.0,231.0,18867.0,35.9,0.4218280974313146,2.8,76.2,12.091911564995382,40.06247127886007,84,1,4.430816798843313,3.580737295494233,3.690440017772303,-0.8631573999950095,2.4925367633770192,7.717403466617843,11.043973762905438
Houten,4234.435483870968,50581.0,921.0,5490.0,40.6,0.4194658073189538,2.8,76.0,25.196776170052317,10.251492496840836,337,1,5.820082930352362,3.7037680666076866,2.3274233044322767,-0.8687732645757428,3.226716056573839,8.35100530041396,18.779755041959287
Kampen,2781.3228346456694,55614.0,394.0,14123.0,33.9,0.4196784982198727,3.0,76.4,23.748928877463584,72.84440683332225,144,1,4.969813299576001,3.5234150143864045,4.288325753212242,-0.8682663412633407,3.1675374295673495,7.930681933309426,15.742069644368593
Kapelle,2736.3795620437954,13051.0,351.0,3713.0,36.6,0.4237223201287258,2.4,76.3,9.52983725135624,60.24487002752045,80,1,4.382026634673881,3.600048240407321,4.098417423974298,-0.8586769436511471,2.2544276400130734,7.914390997937665,9.878961964482269
Kerkrade,1895.2421875,45620.0,2082.0,2191.0,29.7,0.5297457255589654,3.8,63.9,36.268465262548105,25.380133770770964,244,1,5.497168225293202,3.391147045808654,3.2339667329883075,-0.6353581506553982,3.5909486381604454,7.547101912780443,19.740048752355495
Koggenland,2698.135135135135,23509.0,293.0,8026.0,38.0,0.4169892381641074,2.7,75.7,15.9849025808426,30.853882448819533,68,1,4.219507705176107,3.6375861597263857,3.429262591665446,-0.8746948652762959,2.7716446880823864,7.900316122665026,11.694976117374058
Land van Cuijk,2618.9668874172185,91423.0,268.0,34126.0,36.1,0.43608282379707514,2.8,74.2,16.913313935988764,37.70260997955193,272,1,5.605802066295998,3.586292865338835,3.629729322284505,-0.8299230908364296,2.8281011186353266,7.870535201211756,15.853775094539937
Landgraaf,2039.7293233082708,37175.0,1512.0,2458.0,32.2,0.48793544048419635,3.5,66.2,23.54595071393131,24.684725621727313,107,1,4.672828834461906,3.4719664525503626,3.2061846564668492,-0.7175721759703864,3.1589538614715886,7.620572393382067,14.761250690619221
Leeuwarden,2585.3596491228072,127073.0,535.0,23755.0,30.3,0.5090302424590589,4.5,71.8,36.65976130109455,51.5456328580242,547,1,6.304448802421981,3.4111477125153233,3.942467490250146,-0.6752478487564474,3.6016797312363664,7.857619906519424,22.706605468300634
Leiden,4833.159574468085,127089.0,5816.0,2185.0,32.2,0.49255246323442625,4.1,74.3,59.36291894309722,15.691292132021692,670,1,6.507277712385012,3.4719664525503626,2.7531059172113905,-0.708154299709447,4.083669771219842,8.483255688984285,26.573573286999277
Leidschendam-Voorburg,4297.5192307692305,77753.0,2384.0,3261.0,39.0,0.4847401386441681,3.5,72.2,61.49376492438312,8.609122161053154,491,1,6.196444127794521,3.6635616461296463,2.152822357498844,-0.7241423282449125,4.1189357863294696,8.365793212120575,25.52275546596395
Lelystad,2954.095238095238,83033.0,363.0,22900.0,33.2,0.4222176724916599,3.8,71.4,19.305151463289405,40.40939925778187,173,1,5.153291594497778,3.502549875922443,3.699062412802742,-0.8622342863395849,2.9603719754916584,7.99094770295592,15.255660017887946
Lochem,3087.814814814815,34314.0,161.0,21305.0,39.7,0.45013697033280875,2.9,71.8,16.547973585394278,84.30907647516604,60,1,4.0943445622221,3.681351187693145,4.434489527956502,-0.798203364014162,2.8062636523563076,8.035218940050717,11.489810325186578
Maastricht,3344.1696428571427,122734.0,2200.0,5579.0,29.5,0.5245653201231932,4.4,66.1,50.304432916032425,0.6164037956527111,555,1,6.318968113746434,3.3843902633457743,-0.48385301777980916,-0.6451853210101974,3.9180932027659017,8.114973703437323,24.758306014964376
Meerssen,2347.0509554140126,18600.0,696.0,2673.0,37.3,0.4668817204301075,2.9,70.9,17.549516351911564,7.323061707139514,160,1,5.075173815233827,3.6189933266497696,1.9910285065270454,-0.7616793287031102,2.865026391236501,7.760914906486251,14.540506920757354
Meppel,3156.535087719298,35464.0,639.0,5550.0,33.8,0.4621588089330025,3.2,74.5,26.55887736424649,61.370723533515,202,1,5.308267697401205,3.520460802488973,4.116932906025413,-0.7718467046870141,3.2793640558025134,8.057230213766585,17.407742285435084
Middelburg,3003.008695652174,49956.0,1033.0,4838.0,33.7,0.4895908399391464,3.0,73.0,31.167716084716655,73.96071873492178,184,1,5.214935757608986,3.517497837358316,4.303534124358696,-0.7141852572336606,3.43938281822705,8.007369963634208,17.936160442878208
Midden-Drenthe,2339.5320512820513,33987.0,100.0,34062.0,35.2,0.43263600788536793,2.8,72.4,11.853917301414581,39.24319319445696,72,1,4.276666119016055,3.5610460826040513,3.6697780073918436,-0.83785853294613,2.472658386912644,7.7577062102688705,10.574734347210198
Midden-Groningen,2132.715277777778,61554.0,221.0,27795.0,31.7,0.4644214835753972,3.6,70.1,20.995557421205444,16.32544444110127,503,1,6.220590170099739,3.456316680883235,2.792724899361669,-0.7669627692994699,3.044310863972106,7.665151225162911,18.93741023515273
Moerdijk,2821.2406015037595,37711.0,237.0,15917.0,36.3,0.44504256052610647,2.9,74.2,13.757969373771079,29.84732100701779,206,1,5.327876168789581,3.591817741270805,3.396095087302356,-0.8095853597575662,2.621618247034408,7.944931996802762,13.967657382038539
Molenlanden,2934.0072463768115,45158.0,249.0,18157.0,39.6,0.3953230878249701,2.6,77.1,12.24512659645978,25.689880614596568,62,1,4.127134385045092,3.6788291182604347,3.2460971639563256,-0.9280519045541126,2.505128028975415,7.984124428494291,10.339000027324673
Montferland,2450.404109589041,36882.0,349.0,10570.0,34.5,0.4399436039260344,2.9,72.1,17.977320350055468,75.52026369644473,107,1,4.672828834461906,3.5409593240373143,4.324401013574326,-0.8211087331800541,2.8891109829008026,7.804008232626628,13.500321106859449
Mook en Middelaar,2923.275641025641,8043.0,463.0,1739.0,42.1,0.45741638692030334,2.8,71.4,14.297363413971187,47.07049868493396,90,1,4.499809670330265,3.7400477406883357,3.851646449895573,-0.7821611717992947,2.6600751436210266,7.980460061392424,11.969831855071064
Neder-Betuwe,2852.152777777778,25448.0,424.0,5999.0,35.3,0.3583385727758566,2.8,76.4,8.729027305625618,37.26235468960243,159,1,5.0689042022202315,3.5638829639392506,3.6179835593549203,-1.0262770054953148,2.166653943898809,7.9558293487452225,10.982561280985712
Nijkerk,3679.769230769231,44975.0,649.0,6932.0,38.5,0.4018232351306281,2.7,76.5,16.99867197875166,28.25028837468475,72,1,4.276666119016055,3.6506582412937387,3.3411036654937916,-0.9117430006708946,2.8331352221078148,8.210605320166582,12.116373414979519
Nijmegen,3538.75,182480.0,3456.0,5281.0,30.3,0.46387549320473476,4.0,72.4,45.89594556280125,53.02194110833715,819,1,6.708084083853069,3.4111477125153233,3.970705811060902,-0.768139096374272,3.8263767811998872,8.17152883642611,25.6676571847919
Nunspeet,3482.223880597015,28731.0,223.0,12873.0,36.0,0.3988026869931433,2.7,75.0,17.81288182928958,53.06974515605548,75,1,4.31748811353631,3.58351893845611,3.9716069947942714,-0.9192885032212058,2.879921893829413,8.155426414814048,12.434028544521471
Oisterwijk,3656.4333333333334,32941.0,411.0,8011.0,41.6,0.43523268874654686,2.7,74.4,19.292739066750368,23.627736071552523,62,1,4.127134385045092,3.7281001672672174,3.1624212792265385,-0.8318744742516413,2.959728810966527,8.204243452173218,12.215198546148578
Oldambt,1818.9109589041095,39044.0,172.0,22657.0,30.7,0.48593894068230714,3.6,68.1,18.58430401096295,32.685131923274625,193,1,5.262690188904886,3.4242626545931514,3.4869202932589225,-0.7216722994307221,2.9223173540817733,7.505993226745022,15.379250868192633
Oldebroek,2892.3571428571427,24264.0,248.0,9766.0,34.9,0.3954418067919552,2.6,75.3,15.101615424700366,68.80970183488174,72,1,4.276666119016055,3.5524868292083815,4.231344750039497,-0.9277516409266168,2.7148017198669736,7.96982706903473,11.610300535201603
Oldenzaal,2710.376923076923,31925.0,1481.0,2155.0,34.6,0.4644009397024276,3.0,73.9,23.330635370295425,103.89246414586624,97,1,4.574710978503383,3.543853682063679,4.643356365598596,-0.767007005684075,3.149767319708595,7.904842990208429,14.409275137202084
Olst-Wijhe,2704.6206896551726,18682.0,164.0,11366.0,36.2,0.42714912750240874,2.8,74.6,14.949874686716791,76.63017737360134,151,1,5.017279836814924,3.5890591188317256,4.338990959655366,-0.8506220819889395,2.704702917642153,7.902716955812252,13.570251413260472
Ommen,2764.4333333333334,18955.0,105.0,17985.0,35.9,0.4091268794513321,2.9,74.3,18.052869116698904,78.76326074440088,82,1,4.406719247264253,3.580737295494233,4.36644665393476,-0.893729952339796,2.893304625980802,7.924590950216214,12.749981183508302
Oost Gelre,2209.434210526316,29846.0,271.0,10993.0,36.1,0.44002546404878373,2.6,75.3,16.508033198812154,99.99973999676662,62,1,4.127134385045092,3.586292865338835,4.605167585952377,-0.8209226809062534,2.8038471229624684,7.700491748398281,11.571853871588157
Oss,2899.7925925925924,94437.0,583.0,16201.0,35.0,0.4424007539417813,3.2,73.3,22.858373824170037,40.11381518375149,279,1,5.631211781821365,3.5553480614894135,3.691720793277764,-0.8155391245670978,3.1293175195358347,7.972394493621246,17.621849685070202
Oude IJsselstreek,2251.9668874172185,39613.0,291.0,13607.0,33.5,0.44558604498523213,3.0,72.0,15.596850036825108,84.5843661444703,138,1,4.927253685157205,3.5115454388310208,4.437749452188357,-0.8083649082175581,2.7470689731504194,7.71955928551792,13.535505721336424
Ouder-Amstel,5167.795081967213,14276.0,596.0,2395.0,43.3,0.44774446623704117,3.5,74.1,41.23904881101377,8.828575166880649,293,1,5.680172609017068,3.768152635008444,2.1779936388413255,-0.8035325971639403,3.7193855941643785,8.55020139335417,21.126752174345174
Overbetuwe,3164.007299270073,48707.0,447.0,10903.0,37.1,0.4185845976964297,2.6,76.1,13.336276240926034,48.665527100888575,205,1,5.323009979138408,3.6136169696133895,3.8849709170309077,-0.8708762644478765,2.5904878591606297,8.059594635860256,13.789192725148922
Purmerend,3807.590909090909,93992.0,1004.0,9361.0,35.4,0.45604945101710787,3.4,73.6,33.35121894319375,19.600957423799645,196,1,5.278114659230517,3.5667118201397288,2.9755784131964824,-0.7851540301345521,3.507094321714499,8.24475196080494,18.510845950745402
Putten,3862.823529411765,24904.0,292.0,8521.0,37.7,0.41033568904593637,2.6,75.1,15.891965945787259,35.919104389703115,72,1,4.276666119016055,3.629660094453965,3.581269309651638,-0.890779700509235,2.765813695097506,8.259153679358192,11.828461721334106
Raalte,2829.3489932885905,38500.0,225.0,17097.0,35.5,0.42597402597402595,2.7,75.6,14.20731707317073,85.43716183017457,149,1,5.003946305945459,3.56953269648137,4.447781156380354,-0.8533769064635858,2.6537571187355478,7.947801926467339,13.27925813117321
Reimerswaal,2439.5984251968503,23255.0,229.0,10176.0,34.7,0.40215007525263385,2.8,76.3,13.72968349016253,58.99891004012546,240,1,5.480638923341991,3.546739686952814,4.077518969838897,-0.910929938506293,2.6195601670860933,7.799588724905144,14.356863413768293
Renkum,3497.1615384615384,31461.0,685.0,4596.0,38.9,0.4800228854772576,3.1,70.9,29.90994570255595,46.69117191744132,120,1,4.787491742782046,3.660994250624401,3.843555108634463,-0.7339214981391439,3.3981910572793246,8.159706929437023,16.268811627120556
Rheden,3281.875,43570.0,533.0,8177.0,34.6,0.4894881799403259,3.3,70.6,26.15463965864866,63.89212539638952,272,1,5.605802066295998,3.543853682063679,4.15719612055631,-0.7143949645138951,3.264026599577933,8.096170184392124,18.297487056359074
Rhenen,3792.730769230769,20329.0,484.0,4202.0,37.8,0.4116287077573909,3.1,74.6,21.044455066921604,32.52672366924759,73,1,4.290459441148391,3.632309102625542,3.4820620182056743,-0.88763353071636,3.0466371081795933,8.240841558212809,13.071472944542167
Rijssen-Holten,2853.124087591241,38493.0,409.0,9412.0,37.6,0.38968124074507055,2.7,77.7,20.979999999999997,92.30039683656341,137,1,4.919980925828125,3.6270040503958487,4.525048440920619,-0.9424262054787809,3.043569602968151,7.956169843990508,14.974304393033583
Rijswijk,3777.392156862745,57997.0,4150.0,1398.0,35.4,0.4851457834025898,3.8,71.1,70.08920638305433,4.245510980140289,133,1,4.890349128221754,3.5667118201397288,1.4458621847547939,-0.7233058488758377,4.249768807621113,8.23678914492739,20.78285318349391
Roermond,2690.1328125,59981.0,989.0,6064.0,32.8,0.4862206365349027,3.8,68.9,33.47277465368263,45.057149057831424,345,1,5.843544417031359,3.490428515390098,3.807931663091941,-0.7210927734617738,3.5107324115088634,7.897345844053675,20.51512078296366
De Ronde Venen,3809.0522388059703,45572.0,457.0,9968.0,43.5,0.4141139296058984,2.9,74.8,20.575455701568462,15.81893265970389,99,1,4.59511985013459,3.7727609380946383,2.761207492282411,-0.8816141507304954,3.024098894632248,8.245135680956881,13.896096859494714
Roosendaal,2807.27868852459,77613.0,729.0,10650.0,33.8,0.4626029144602064,3.6,70.6,25.376002673796794,45.90850886825227,291,1,5.673323267171493,3.520460802488973,3.826650478279344,-0.7708862290312625,3.2338039508195817,7.939970854841018,18.34641519565583
Rotterdam,4262.8,663900.0,3040.0,21842.0,31.8,0.48393131495707187,5.3,69.4,74.62291693901308,11.814350387144687,1475,1,7.29641326877392,3.4594662897861315,2.469314927082842,-0.7258122935815782,4.312447657608104,8.357681500346802,31.465400309864776
Schagen,2544.0,47450.0,282.0,16799.0,36.6,0.4461327713382508,2.9,73.1,17.02017100477113,47.533352076873726,87,1,4.465908118654584,3.600048240407321,3.8614316136361397,-0.8071386776804937,2.8343991703786044,7.841492924460013,12.658166266501626
Schiedam,3250.09375,80628.0,4528.0,1781.0,32.7,0.47240412759835293,4.1,72.0,67.93037359867678,6.39514162123994,293,1,5.680172609017068,3.487375077903208,1.8555385804056015,-0.749920457190004,4.2184832629477915,8.086439121061586,23.96171308179299
Sittard-Geleen,2355.196850393701,92234.0,1173.0,7861.0,32.7,0.5096927380358653,3.5,67.3,32.0733445363851,19.607438743904815,388,1,5.961005339623274,3.487375077903208,2.9759090219842776,-0.673947209263898,3.468025296898037,7.764379591234793,20.67291731275779
Sliedrecht,3316.5904761904762,26184.0,2038.0,1285.0,33.9,0.42823861900397187,3.1,75.0,38.464282529207175,22.83938977504246,224,1,5.4116460518550396,3.5234150143864045,3.1284866670509666,-0.8480747177201358,3.649730084175054,8.106692569217797,19.75104740036249
Soest,4099.495867768595,47439.0,1026.0,4625.0,39.5,0.4469318493222876,3.2,72.9,35.27497405905103,13.89385108831,177,1,5.176149732573829,3.676300671907076,2.631446374515687,-0.8053491583583832,3.563173762346716,8.318619286051481,18.44352091708504
Stede Broec,2889.128,22138.0,1529.0,1448.0,34.6,0.42632577468606014,3.0,74.1,10.923924560288196,43.069916020516196,163,1,5.093750200806762,3.543853682063679,3.7628247492270206,-0.8525514956592365,2.3909552977187185,7.968710005472985,12.178929027874714
Steenwijkerland,2416.860927152318,45376.0,157.0,28831.0,34.4,0.4510974964739069,3.1,73.4,15.252332795935317,62.8585445882284,125,1,4.8283137373023015,3.5380565643793527,4.140886877875617,-0.7960717844082661,2.7247324615799355,7.7902248395992535,13.155863174719919
Stein,2162.8802816901407,24772.0,1184.0,2092.0,34.2,0.4772727272727273,3.0,69.1,17.711240801826946,13.872563664450837,70,1,4.248495242049359,3.5322256440685598,2.629913052463171,-0.7396671961948381,2.87419951155546,7.679196076150432,12.211022949543965
Stichtse Vecht,3827.5702479338843,65771.0,685.0,9604.0,41.0,0.4394185887397181,3.0,74.4,25.583889830801702,12.096967660239269,267,1,5.58724865840025,3.713572066704308,2.49295481460382,-0.8223028151023315,3.2419628499066584,8.24998548084059,18.113652583724427
Súdwest-Fryslân,2206.53642384106,90883.0,174.0,52270.0,33.6,0.4716503636543688,3.5,72.6,18.70990318441619,71.26208038113226,344,1,5.840641657373398,3.5145260669691587,4.266364353985791,-0.7515173228606656,2.9290529657357953,7.699179336092529,17.107548768329583
Teylingen,4022.344537815126,38510.0,1360.0,2832.0,41.3,0.4325370033757466,2.9,77.1,25.778951792039383,21.491971676162954,195,1,5.272999558563747,3.7208624999669873,3.0676794549875637,-0.8380873993318467,3.24955833694971,8.299620229969307,17.134919676262964
Tiel,3197.4347826086955,42604.0,1299.0,3280.0,33.0,0.4350295746878227,3.8,72.9,26.351570087406927,30.130993315419243,205,1,5.323009979138408,3.4965075614664802,3.405554320252929,-0.8323412624164197,3.27152785907205,8.070104136875543,17.41437544086983
Tilburg,3346.765765765766,227707.0,1809.0,12589.0,31.4,0.46227827866512666,4.0,73.2,37.28720170238638,32.068954140765875,463,1,6.137727054086234,3.4468078929142076,3.467888401410453,-0.7715882344581753,3.6186501498728667,8.115749715423798,22.2102869241479
Twenterand,2284.858108108108,33867.0,319.0,10614.0,33.1,0.4138541943484808,2.9,74.1,14.982876712328766,85.75193881737513,97,1,4.574710978503383,3.4995332823830174,4.451458695905607,-0.882241554753484,2.706907996523433,7.7340592042921505,12.383321729494345
Tytsjerksteradiel,2171.1456953642382,32408.0,218.0,14863.0,33.8,0.4385028388052333,3.1,73.2,11.969601013299556,40.151409467567866,62,1,4.127134385045092,3.520460802488973,3.6926575448218797,-0.824388993290665,2.4823701867920915,7.683010277421205,10.245075354320448
Uitgeest,3499.4552845528456,13472.0,703.0,1916.0,38.9,0.4225059382422803,2.9,76.7,20.2389318341532,21.136880700260246,182,1,5.204006687076795,3.660994250624401,3.0510194151679393,-0.861551777272365,3.007608068034185,8.160362602380534,15.651612498156018
Utrecht,4993.747368421053,367947.0,3924.0,9377.0,34.9,0.44952126257314234,4.0,77.3,58.11064087061669,3.1724436648173664,2258,1,7.722234744709607,3.5524868292083815,1.1545021631019703,-0.799572123468083,4.062348794603324,8.515941882539938,31.370411006814976
Utrechtse Heuvelrug,4280.318181818182,50429.0,382.0,13202.0,42.3,0.43865632869975607,3.1,73.4,25.030513991230052,19.297531543065066,256,1,5.545177444479562,3.7447870860522325,2.9599771884079704,-0.8240390228365546,3.220095640240036,8.36178262735895,17.856001713326023
Valkenburg aan de Geul,2601.034722222222,16423.0,447.0,3673.0,35.8,0.5095293186384948,3.0,69.2,35.93451242829828,9.355331067701929,177,1,5.176149732573829,3.5779478934066544,2.235946348485425,-0.6742678840328568,3.581698182671916,7.863664614925953,18.539406090397407
Veendam,2176.516129032258,27616.0,364.0,7593.0,31.3,0.4712123406720742,3.6,70.6,21.37862137862138,25.46398617108893,62,1,4.127134385045092,3.443618097546108,3.2372651469027094,-0.7524464571063971,3.062391421694722,7.685480771501195,12.638900936943411
Veenendaal,3540.990990990991,68525.0,3528.0,1942.0,35.0,0.42711419190076616,3.3,74.8,39.61664616646166,30.59629128380962,146,1,4.983606621708336,3.5553480614894135,3.4208788017375342,-0.8507038731670659,3.679249387673803,8.172161907909569,18.335931611327506
Velsen,4322.57281553398,68790.0,1528.0,4503.0,35.8,0.46261084459950574,3.3,73.6,39.76683530779625,20.670400647708398,232,1,5.44673737166631,3.5779478934066544,3.028702756558968,-0.7708690867455542,3.68303328119281,8.37160606311457,20.06051501376367
Venlo,2465.9922480620153,103328.0,832.0,12416.0,32.2,0.4698919944255187,3.7,70.8,31.726154923485677,48.36477515423293,438,1,6.082218910376446,3.4719664525503626,3.878771762688171,-0.7552524097805315,3.4571414171454204,7.810349540192186,21.0270909032075
Venray,2445.046357615894,44628.0,273.0,16318.0,34.9,0.442704131935108,3.3,73.1,18.687047628688568,36.21152904733802,90,1,4.499809670330265,3.5524868292083815,3.589377550097771,-0.8148536057996654,2.927830643697429,7.801819361899331,13.174680643598975
Vijfheerenlanden,3241.8110236220473,60052.0,411.0,14628.0,36.5,0.4165223472990075,3.0,75.1,21.085035781393675,17.7098537364032,62,1,4.127134385045092,3.597312260588446,2.8741211929465895,-0.8758151638350068,3.0485635842041345,8.083887410535631,12.581831593365191
Vlissingen,2586.0377358490564,45150.0,1314.0,3437.0,31.3,0.5147951273532669,3.4,70.4,36.95736350729252,78.87982872778753,181,1,5.198497031265826,3.443618097546108,4.367925538991154,-0.6639862684307042,3.6097649105519656,7.857882151587693,18.765352171071942
Voerendaal,2331.35,12405.0,394.0,3151.0,36.7,0.4712615880693269,2.8,71.4,12.692439274717756,15.921794371921235,219,1,5.389071729816501,3.6027767550605247,2.7676888858688367,-0.7523419504547101,2.5410064834842805,7.754202777914502,13.693666205425576
Voorschoten,4420.140495867769,25665.0,2309.0,1111.0,42.2,0.45088642119618155,3.1,73.6,36.10438990667127,11.11762761351441,260,1,5.560681631015528,3.742420221041966,2.408531921952928,-0.7965398088983779,3.5864144620085767,8.393926760961989,19.942909020099528
Voorst,3244.678082191781,25215.0,205.0,12293.0,37.9,0.43378941106484237,2.6,73.8,16.456390565002742,68.31677581538072,113,1,4.727387818712341,3.634951112088381,4.224155355968895,-0.8351960906041076,2.8007138859656293,8.084771419961893,13.24006070821242
Vught,4209.298611111111,32113.0,535.0,6002.0,44.1,0.43446579266963536,2.7,75.5,23.04329128440367,29.53656196130281,63,1,4.143134726391533,3.7864597824528,3.3856288844565756,-0.8336380654089648,3.13737467651105,8.345051312110794,12.998565971954333
Waadhoeke,1745.1847133757963,46718.0,164.0,28542.0,32.5,0.4596943362301468,3.3,72.4,10.337120506612033,63.56954483174513,169,1,5.1298987149230735,3.481240089335692,4.152134500811705,-0.7771934968241725,2.3357413493119563,7.46461568197192,11.98211654622809
Waddinxveen,3298.6,32601.0,1175.0,2775.0,36.9,0.4112757277384129,2.9,76.9,30.921837708830544,17.293340561696322,438,1,6.082218910376446,3.6082115510464816,2.85032148876557,-0.888491419009097,3.4314626562619517,8.101253415014053,20.870907058167035
Weert,2607.764705882353,50872.0,488.0,10425.0,34.8,0.46383079100487495,3.3,71.6,26.868960840820478,26.403462184890326,197,1,5.2832037287379885,3.5496173867804286,3.2734951449207887,-0.7682354678242779,3.290971748296397,7.866248698839327,17.386874211770902
West Betuwe,3158.191489361702,52720.0,244.0,21593.0,39.0,0.40680955993930196,2.8,76.0,10.243856949689933,26.220310786103127,304,1,5.717027701406222,3.6635616461296463,3.266534331282208,-0.8994101147414274,2.3266782039377403,8.057754829253946,13.301683744170136
Westerkwartier,2082.9939393939394,64946.0,179.0,36263.0,34.9,0.4298032211375604,2.9,74.2,9.97707243677008,15.27553850235674,147,1,4.990432586778736,3.5524868292083815,2.726252758273032,-0.8444278002984127,2.3002897042808863,7.641561531700301,11.479440699274956
Westervoort,3053.72268907563,15114.0,2155.0,701.0,33.4,0.4476644170967315,3.3,71.6,13.287023352054389,59.99767974441769,107,1,4.672828834461906,3.5085558999826545,4.094305890547989,-0.8037113962400114,2.586787871119058,8.024116679126514,12.087616952801461
Weststellingwerf,2521.9103448275864,26467.0,120.0,22020.0,32.5,0.4504099444591378,3.2,71.3,11.668484187568156,52.97061134150365,59,1,4.07753744390572,3.481240089335692,3.9697372567679863,-0.7975971232282446,2.4568915481935325,7.832771966657285,10.018067283374624
Wierden,2760.376712328767,24862.0,263.0,9460.0,38.4,0.4035878046818438,2.6,76.4,14.989037273270878,97.25486741500197,133,1,4.890349128221754,3.648057459593681,4.577335031785935,-0.9073612073074624,2.707319085453678,7.923122439371478,13.23973552936651
Wijchen,3038.7969924812032,41537.0,629.0,6604.0,36.4,0.4409803307894167,3.0,74.6,18.496478681006714,46.81130859240187,113,1,4.727387818712341,3.5945687746426946,3.846124810323966,-0.818755005914505,2.9175803723998195,8.019216989922509,13.792533912597122
Winterswijk,1994.8980891719746,29253.0,212.0,13813.0,33.6,0.45721806310463886,3.1,72.1,22.57196261682243,106.2300384896486,193,1,5.262690188904886,3.5145260669691587,4.665606917115575,-0.7825948397390213,3.1167085439307227,7.598348244897359,16.402271475820246
Woerden,3942.951612903226,53244.0,601.0,8855.0,39.6,0.4276350386898054,2.9,76.9,28.833062497255042,15.304303641109165,278,1,5.627621113690637,3.6788291182604347,2.7281340725781624,-0.8494851605087451,3.361522732066823,8.279684862157191,18.917376301130286
Zaanstad,3757.7961165048546,159618.0,2165.0,7374.0,34.1,0.4398626721297097,3.6,72.3,37.328015952143566,13.908183469318493,754,1,6.625392368007956,3.5292973842894715,2.6324774056978417,-0.8212927095820316,3.6197441426295924,8.231587925309757,23.982225216719605
Zaltbommel,3123.6758620689657,30349.0,386.0,7865.0,36.6,0.3989258295166233,3.0,76.2,13.347650119765426,33.331301018923895,92,1,4.5217885770490405,3.600048240407321,3.506496926028987,-0.9189797703079162,2.591340348361392,8.046765748236131,11.717493186466823
Zandvoort,5740.198113207547,17542.0,547.0,3208.0,37.5,0.560084368943108,3.5,69.5,52.80407124681934,24.514560633536917,90,1,4.499809670330265,3.624340932976365,3.199267252590434,-0.5796678477738649,3.966588294686964,8.65524900321409,17.848892366651235
Zeist,4582.44537815126,66629.0,1374.0,4850.0,40.4,0.4519203349892689,3.6,73.1,45.60459632692371,9.164305970454409,130,1,4.867534450455582,3.698829784967104,2.2153161523418605,-0.794249364707508,3.820008508083764,8.429988059981339,18.594023014131153
Zevenaar,2641.871212121212,45042.0,486.0,9262.0,33.8,0.4591048354868789,3.2,71.7,18.090816770636877,68.49349864606046,148,1,4.997212273764115,3.520460802488973,4.226738830487425,-0.7784766952472958,2.8954044487824757,7.879242737535768,14.46895064896701
Zoetermeer,3626.3055555555557,126998.0,3689.0,3443.0,35.5,0.4487550985054883,3.7,71.6,42.96292397045147,13.00265438308106,279,1,5.631211781821365,3.56953269648137,2.5651535199328888,-0.8012779776720718,3.7603375105113503,8.195969655705865,21.17525689281634
Zuidplas,3720.736,46981.0,811.0,5796.0,39.6,0.4051212192162789,2.9,76.4,21.179004886250198,12.086396993520411,79,1,4.3694478524670215,3.6788291182604347,2.4920806047869966,-0.903568949952053,3.0530103554174732,8.221676777159933,13.339969541038457
Zutphen,3098.0593220338983,48510.0,1186.0,4092.0,33.2,0.48198309626881053,3.5,70.3,33.96775159317394,76.19381061233595,318,1,5.762051382780177,3.502549875922443,4.33328023383373,-0.7298462355282238,3.5254115919682496,8.03853116928732,20.313602738369916
Zwijndrecht,3218.1603773584907,45018.0,2217.0,2031.0,34.4,0.46265938069216755,3.5,72.0,39.821394276934896,14.44209687185162,125,1,4.8283137373023015,3.5380565643793527,2.6701473356544385,-0.7707641744909941,3.6844043125116284,8.076565163898573,17.78945995587574
Zwolle,3727.490909090909,132411.0,1196.0,11067.0,34.2,0.45672187356035376,3.4,76.2,36.08102521703183,82.93656265882358,781,1,6.660575149839686,3.5322256440685598,4.418076010251,-0.7836806651267312,3.585767109896925,8.22349060776024,23.88327130529193
